[ {
  "username" : "Jordan4",
  "password" : "87654321",
  "securityQuestion" : "What is your favorite color?",
  "securityAnswer" : "red",
  "incomeInfo" : null,
  "lastname" : "",
  "firstname" : "",
  "email" : ""
}, {
  "username" : "jordan1235",
  "password" : "12345678",
  "securityQuestion" : "What is the model of your first vehicle?",
  "securityAnswer" : "suburu",
  "incomeInfo" : null,
  "lastname" : "",
  "firstname" : "",
  "email" : ""
}, {
  "username" : "Jordan9",
  "password" : "987654321",
  "securityQuestion" : "What is your favorite color?",
  "securityAnswer" : "red",
  "incomeInfo" : null,
  "lastname" : "",
  "firstname" : "",
  "email" : ""
}, {
  "username" : "Jordan10",
  "password" : "12345678",
  "securityQuestion" : "What is your favorite color?",
  "securityAnswer" : "red",
  "incomeInfo" : null,
  "lastname" : "",
  "firstname" : "",
  "email" : ""
}, {
  "username" : "ahhhh",
  "password" : "12345678",
  "securityQuestion" : "What is your favorite color?",
  "securityAnswer" : "red",
  "incomeInfo" : null,
  "lastname" : "",
  "firstname" : "",
  "email" : ""
}, {
  "username" : "Jordan13",
  "password" : "12345678",
  "securityQuestion" : "What is the model of your first vehicle?",
  "securityAnswer" : "suburu",
  "incomeInfo" : null,
  "lastname" : "",
  "firstname" : "",
  "email" : ""
}, {
  "username" : "Jordan98",
  "password" : "12345678",
  "securityQuestion" : "What is your favorite color?",
  "securityAnswer" : "red",
  "incomeInfo" : null,
  "lastname" : "",
  "firstname" : "",
  "email" : ""
}, {
  "username" : "JordanOne",
  "password" : "12345678",
  "securityQuestion" : "What is your favorite color?",
  "securityAnswer" : "red",
  "incomeInfo" : null,
  "lastname" : "",
  "firstname" : "",
  "email" : ""
}, {
  "username" : "JordanTwo",
  "password" : "12345678",
  "securityQuestion" : "What is your favorite color?",
  "securityAnswer" : "red",
  "incomeInfo" : null,
  "lastname" : "",
  "firstname" : "",
  "email" : ""
}, {
  "username" : "JordanThree",
  "password" : "12345678",
  "securityQuestion" : "What is your favorite color?",
  "securityAnswer" : "red",
  "incomeInfo" : null,
  "lastname" : "",
  "firstname" : "",
  "email" : ""
}, {
  "username" : "JordanFour",
  "password" : "12345678",
  "securityQuestion" : "What is your favorite color?",
  "securityAnswer" : "red",
  "incomeInfo" : null,
  "lastname" : "",
  "firstname" : "",
  "email" : ""
}, {
  "username" : "12345",
  "password" : "12345678",
  "securityQuestion" : "What was the name of your first pet?",
  "securityAnswer" : "Rex",
  "incomeInfo" : null,
  "lastname" : "",
  "firstname" : "",
  "email" : ""
}, {
  "username" : "",
  "password" : "",
  "securityQuestion" : null,
  "securityAnswer" : "",
  "incomeInfo" : null,
  "lastname" : "",
  "firstname" : "",
  "email" : ""
} ]